<?xml version="1.0" encoding="UTF-8"?><?xml-stylesheet type='text/xsl' href='_UpgradeReport_Files/UpgradeReport.xslt'?><UpgradeLog>
<Properties><Property Name="Solution" Value="concentric">
</Property><Property Name="Solution File" Value="C:\Fenny\Work\Training\Conferences\Autodesk Uni\2008\DE319-1 AutoCAD.NET - Advanced UI Design using WPF\Samples\CentricRings\csharp\concentric.sln">
</Property><Property Name="User Options File" Value="C:\Fenny\Work\Training\Conferences\Autodesk Uni\2008\DE319-1 AutoCAD.NET - Advanced UI Design using WPF\Samples\CentricRings\csharp\concentric.suo">
</Property><Property Name="Date" Value="04 December 2008">
</Property><Property Name="Time" Value="15:56">
</Property></Properties><Event ErrorLevel="0" Project="" Source="concentric.sln" Description="File successfully backed up as C:\Fenny\Work\Training\Conferences\Autodesk Uni\2008\DE319-1 AutoCAD.NET - Advanced UI Design using WPF\Samples\CentricRings\csharp\Backup\concentric.sln">
</Event><Event ErrorLevel="0" Project="" Source="concentric.suo" Description="File successfully backed up as C:\Fenny\Work\Training\Conferences\Autodesk Uni\2008\DE319-1 AutoCAD.NET - Advanced UI Design using WPF\Samples\CentricRings\csharp\Backup\concentric.suo">
</Event><Event ErrorLevel="0" Project="concentric" Source="concentric.csproj" Description="Project file successfully backed up as C:\Fenny\Work\Training\Conferences\Autodesk Uni\2008\DE319-1 AutoCAD.NET - Advanced UI Design using WPF\Samples\CentricRings\csharp\Backup\concentric.csproj">
</Event><Event ErrorLevel="0" Project="concentric" Source="concentric.csproj.user" Description="Project user file successfully backed up as C:\Fenny\Work\Training\Conferences\Autodesk Uni\2008\DE319-1 AutoCAD.NET - Advanced UI Design using WPF\Samples\CentricRings\csharp\Backup\concentric.csproj.user">
</Event><Event ErrorLevel="0" Project="concentric" Source="Commands.cs" Description="File successfully backed up as C:\Fenny\Work\Training\Conferences\Autodesk Uni\2008\DE319-1 AutoCAD.NET - Advanced UI Design using WPF\Samples\CentricRings\csharp\Backup\Commands.cs">
</Event><Event ErrorLevel="0" Project="concentric" Source="Window1.xaml.cs" Description="File successfully backed up as C:\Fenny\Work\Training\Conferences\Autodesk Uni\2008\DE319-1 AutoCAD.NET - Advanced UI Design using WPF\Samples\CentricRings\csharp\Backup\Window1.xaml.cs">
</Event><Event ErrorLevel="0" Project="concentric" Source="Window1.xaml" Description="File successfully backed up as C:\Fenny\Work\Training\Conferences\Autodesk Uni\2008\DE319-1 AutoCAD.NET - Advanced UI Design using WPF\Samples\CentricRings\csharp\Backup\Window1.xaml">
</Event><Event ErrorLevel="0" Project="concentric" Source="concentric.csproj" Description="Project converted successfully">
</Event><Event ErrorLevel="3" Project="concentric" Source="concentric.csproj" Description="Converted">
</Event><Event ErrorLevel="0" Project="" Source="concentric.sln" Description="Solution converted successfully">
</Event><Event ErrorLevel="3" Project="" Source="concentric.sln" Description="Converted">
</Event><Event ErrorLevel="0" Project="concentric" Source="concentric.csproj" Description="Scan complete: Upgrade not required for project files.">
</Event></UpgradeLog>