<?xml version="1.0" encoding="UTF-8"?><?xml-stylesheet type='text/xsl' href='_UpgradeReport_Files/UpgradeReport.xslt'?><UpgradeLog>
<Properties><Property Name="Solution" Value="materialgroups">
</Property><Property Name="Solution File" Value="C:\Fenny\Work\Training\Conferences\Autodesk Uni\2008\DE319-1 AutoCAD.NET - Advanced UI Design using WPF\Samples\HexSphere\csharp\materialgroups.sln">
</Property><Property Name="User Options File" Value="C:\Fenny\Work\Training\Conferences\Autodesk Uni\2008\DE319-1 AutoCAD.NET - Advanced UI Design using WPF\Samples\HexSphere\csharp\materialgroups.suo">
</Property><Property Name="Date" Value="04 December 2008">
</Property><Property Name="Time" Value="15:57">
</Property></Properties><Event ErrorLevel="0" Project="" Source="materialgroups.sln" Description="File successfully backed up as C:\Fenny\Work\Training\Conferences\Autodesk Uni\2008\DE319-1 AutoCAD.NET - Advanced UI Design using WPF\Samples\HexSphere\csharp\Backup\materialgroups.sln">
</Event><Event ErrorLevel="0" Project="" Source="materialgroups.suo" Description="File successfully backed up as C:\Fenny\Work\Training\Conferences\Autodesk Uni\2008\DE319-1 AutoCAD.NET - Advanced UI Design using WPF\Samples\HexSphere\csharp\Backup\materialgroups.suo">
</Event><Event ErrorLevel="0" Project="materialgroups" Source="materialgroups.csproj" Description="Project file successfully backed up as C:\Fenny\Work\Training\Conferences\Autodesk Uni\2008\DE319-1 AutoCAD.NET - Advanced UI Design using WPF\Samples\HexSphere\csharp\Backup\materialgroups.csproj">
</Event><Event ErrorLevel="0" Project="materialgroups" Source="materialgroups.csproj.user" Description="Project user file successfully backed up as C:\Fenny\Work\Training\Conferences\Autodesk Uni\2008\DE319-1 AutoCAD.NET - Advanced UI Design using WPF\Samples\HexSphere\csharp\Backup\materialgroups.csproj.user">
</Event><Event ErrorLevel="0" Project="materialgroups" Source="Commands.cs" Description="File successfully backed up as C:\Fenny\Work\Training\Conferences\Autodesk Uni\2008\DE319-1 AutoCAD.NET - Advanced UI Design using WPF\Samples\HexSphere\csharp\Backup\Commands.cs">
</Event><Event ErrorLevel="0" Project="materialgroups" Source="Trackball.cs" Description="File successfully backed up as C:\Fenny\Work\Training\Conferences\Autodesk Uni\2008\DE319-1 AutoCAD.NET - Advanced UI Design using WPF\Samples\HexSphere\csharp\Backup\Trackball.cs">
</Event><Event ErrorLevel="0" Project="materialgroups" Source="Window1.xaml.cs" Description="File successfully backed up as C:\Fenny\Work\Training\Conferences\Autodesk Uni\2008\DE319-1 AutoCAD.NET - Advanced UI Design using WPF\Samples\HexSphere\csharp\Backup\Window1.xaml.cs">
</Event><Event ErrorLevel="0" Project="materialgroups" Source="Window1.xaml" Description="File successfully backed up as C:\Fenny\Work\Training\Conferences\Autodesk Uni\2008\DE319-1 AutoCAD.NET - Advanced UI Design using WPF\Samples\HexSphere\csharp\Backup\Window1.xaml">
</Event><Event ErrorLevel="0" Project="materialgroups" Source="materialgroups.csproj" Description="Project converted successfully">
</Event><Event ErrorLevel="3" Project="materialgroups" Source="materialgroups.csproj" Description="Converted">
</Event><Event ErrorLevel="0" Project="" Source="materialgroups.sln" Description="Solution converted successfully">
</Event><Event ErrorLevel="3" Project="" Source="materialgroups.sln" Description="Converted">
</Event><Event ErrorLevel="0" Project="materialgroups" Source="materialgroups.csproj" Description="Scan complete: Upgrade not required for project files.">
</Event></UpgradeLog>